episode_id,strategy,latency_profile,fixed_horizon,success,environment_steps,timed_out,logical_completion_time_seconds,wall_clock_runtime_seconds,number_of_policy_requests,total_model_inference_ms,mean_request_latency_ms,p95_request_latency_ms,mean_action_age_ms,p95_action_age_ms,maximum_action_age_ms,mean_queue_depth,minimum_queue_depth,queue_underrun_steps,hold_action_steps,discarded_old_actions,mean_action_delta_l2,mean_action_acceleration_l2,mean_action_jerk_l2
libero_spatial_tid0_ideal_sync_ideal_h10_s0,ideal_sync,ideal,10,True,77,False,3.85,26.391642950000005,8,3714.791815,468.70770525,765.9352902999997,218.1818181818182,450.0,450.0,5.636363636363637,1,0,0,0,0.8670793492106097,0.09706105137365172,0.13656309517392243
libero_spatial_tid0_blocking_sync_native_h10_s0,blocking_sync,native,10,True,160,False,8.0,45.749546658999975,9,3533.905147,396.01749433333333,408.3556698,336.875,850.0,900.0,2.9625,0,76,76,0,0.439831477345665,0.21097336751970483,0.3907608492259536
libero_spatial_tid0_blocking_sync_native_plus_300_h10_s0,blocking_sync,native_plus_300,10,True,191,False,9.55,51.20185500399998,8,3106.124191,391.7150135,408.31963759999996,375.39267015706804,1100.0,1200.0,2.2722513089005236,0,114,114,0,0.3413666321268584,0.1531418422578433,0.2865202657511523
libero_spatial_tid0_blocking_sync_native_plus_700_h10_s0,blocking_sync,native_plus_700,10,True,254,False,12.700000000000001,65.01558276100002,8,3181.5756119999996,401.2145615,449.3181945,394.68503937007875,1500.0,1650.0,1.6732283464566928,0,179,179,0,0.25140638777890983,0.11486982364832987,0.21332970074808158
libero_spatial_tid0_naive_async_native_h10_s0,naive_async,native,10,False,280,True,14.0,77.62402529400003,29,11334.157782,394.2628777241379,445.34185939999986,607.5,850.0,950.0,5.478571428571429,0,3,3,0,0.7855355168808044,0.20946285484221672,0.3647013976743349
libero_spatial_tid0_naive_async_native_plus_300_h10_s0,naive_async,native_plus_300,10,False,280,True,14.0,71.78920104599996,19,7399.238702,392.8934020526316,405.45582089999994,557.8571428571429,1150.0,1200.0,3.5,0,104,104,0,0.5145714091080321,0.24761223181484038,0.45697873800897065
libero_spatial_tid0_naive_async_native_plus_700_h10_s0,naive_async,native_plus_700,10,False,280,True,14.0,70.30452935000005,13,4992.393678,387.4576685384615,398.49828299999996,528.5714285714286,1500.0,1550.0,2.357142857142857,0,160,160,0,0.3735096955788529,0.18082566570776168,0.34014878176150526
libero_spatial_tid0_rtc_native_h10_s0,rtc,native,10,True,81,False,4.05,26.59717089000003,9,3466.4930659999995,388.4766638888889,399.0498178,574.074074074074,850.0,900.0,5.432098765432099,0,1,1,0,0.8359492043212888,0.0762216418471984,0.11070218973471055
libero_spatial_tid0_rtc_native_plus_300_h10_s0,rtc,native_plus_300,10,False,280,True,14.0,74.756454566,19,7393.453936,392.5953578947368,398.0905447,559.6428571428571,1150.0,1200.0,3.5142857142857142,0,103,103,0,0.5804410446455779,0.2248690860320726,0.39770591724901044
libero_spatial_tid0_rtc_native_plus_700_h10_s0,rtc,native_plus_700,10,False,280,True,14.0,75.48238585899992,13,5041.062842,391.17618376923076,398.26670260000003,528.5714285714286,1500.0,1550.0,2.357142857142857,0,160,160,0,0.22326556476498216,0.13752670891974128,0.25994486342242873
libero_spatial_tid0_ideal_sync_ideal_h10_s1,ideal_sync,ideal,10,True,74,False,3.7,24.939865295999994,8,3188.423999,402.03129912500003,446.76237359999993,216.8918918918919,450.0,450.0,5.662162162162162,1,0,0,0,0.866295315537758,0.07226608522003321,0.10496048893890295
libero_spatial_tid0_blocking_sync_native_h10_s1,blocking_sync,native,10,True,150,False,7.5,42.66029534000006,9,3472.3386429999996,389.2657878888889,396.000396,333.3333333333333,827.4999999999991,850.0,2.933333333333333,0,70,70,0,0.4538844368439501,0.2171238790433544,0.4141524458717872
libero_spatial_tid0_blocking_sync_native_plus_300_h10_s1,blocking_sync,native_plus_300,10,True,266,False,13.3,69.14749852299997,12,4651.647809,391.0511729166667,398.34199155,382.5187969924812,1100.0,1150.0,2.274436090225564,0,156,156,0,0.3510680115114491,0.17276758332306916,0.3196250320030296
libero_spatial_tid0_blocking_sync_native_plus_700_h10_s1,blocking_sync,native_plus_700,10,False,280,True,14.0,71.70309225300002,9,3484.6868890000005,390.60746955555555,398.824252,386.60714285714283,1500.0,1550.0,1.6392857142857142,0,198,198,0,0.2521573410435482,0.1244140501377941,0.22989264672532372
libero_spatial_tid0_naive_async_native_h10_s1,naive_async,native,10,False,280,True,14.0,78.35277258000019,28,11104.321791,400.0592842142857,461.45852584999994,605.7142857142857,850.0,950.0,5.371428571428571,0,8,8,0,0.7097995257046139,0.22939468881877964,0.40683156325093967
libero_spatial_tid0_naive_async_native_plus_300_h10_s1,naive_async,native_plus_300,10,False,280,True,14.0,77.97350351,18,7225.925817999999,405.0890001111111,421.1060577,554.4642857142857,1150.0,1200.0,3.3392857142857144,0,110,110,0,0.5178257910493577,0.2560493348656156,0.47701783648881174
libero_spatial_tid0_naive_async_native_plus_700_h10_s1,naive_async,native_plus_700,10,False,280,True,14.0,73.13524777700013,13,5119.6933930000005,397.2491636923077,410.1929932,535.7142857142857,1550.0,1600.0,2.357142857142857,0,160,160,0,0.3777393293104877,0.1682294634981843,0.3071437944237527
libero_spatial_tid0_rtc_native_h10_s1,rtc,native,10,True,264,False,13.200000000000001,77.35547577400007,27,10750.148991000002,401.7926477037037,444.8159979,601.7045454545455,850.0,1000.0,5.337121212121212,0,10,10,0,0.7776708214909107,0.19212133578590368,0.3199497575319277
libero_spatial_tid0_rtc_native_plus_300_h10_s1,rtc,native_plus_300,10,False,280,True,14.0,77.641504919,18,7124.290458000001,399.30987816666664,417.6473708,551.6071428571429,1150.0,1200.0,3.375,0,109,109,0,0.5412334839781737,0.2334401665522728,0.41576217711431024
libero_spatial_tid0_rtc_native_plus_700_h10_s1,rtc,native_plus_700,10,False,280,True,14.0,75.62429755700009,13,5131.655897000001,398.21093753846156,412.0330888,535.7142857142857,1550.0,1600.0,2.357142857142857,0,160,160,0,0.2731254505062399,0.144217626223269,0.26633219674623626
libero_spatial_tid0_ideal_sync_ideal_h10_s2,ideal_sync,ideal,10,True,74,False,3.7,25.399190178000026,8,3149.921899,397.30835,403.00056974999995,216.8918918918919,450.0,450.0,5.662162162162162,1,0,0,0,0.8177151691732413,0.07944937053752212,0.1107864212668449
libero_spatial_tid0_blocking_sync_native_h10_s2,blocking_sync,native,10,True,147,False,7.3500000000000005,42.687637187000064,9,3556.8523419999997,398.6669366666667,425.30414299999995,346.9387755102041,850.0,900.0,2.993197278911565,0,67,67,0,0.45983502611063753,0.207797623107157,0.3788189762977083
libero_spatial_tid0_blocking_sync_native_plus_300_h10_s2,blocking_sync,native_plus_300,10,True,196,False,9.8,54.96508867699981,8,3200.2379309999997,403.5847465,411.78079360000004,380.8673469387755,1150.0,1200.0,2.229591836734694,0,118,118,0,0.3389433960286691,0.15173455962352123,0.28267843438009643
libero_spatial_tid0_blocking_sync_native_plus_700_h10_s2,blocking_sync,native_plus_700,10,True,253,False,12.65,69.44953739399989,8,3166.719023,399.3069985,412.9343543,393.2806324110672,1500.0,1600.0,1.6798418972332017,0,178,178,0,0.2534108396518721,0.11708309953350915,0.21852247450554674
libero_spatial_tid0_naive_async_native_h10_s2,naive_async,native,10,False,280,True,14.0,85.01179222399992,27,11147.632269000002,416.57638881481483,484.6089194,601.25,900.0,1000.0,5.175,0,18,18,0,0.757363060965125,0.24750484380098406,0.4280870229042063
libero_spatial_tid0_naive_async_native_plus_300_h10_s2,naive_async,native_plus_300,10,False,280,True,14.0,74.2284518670001,18,7042.561405,394.7112738888889,402.67983785,552.5,1150.0,1200.0,3.407142857142857,0,108,108,0,0.5369864321985478,0.2517132454830925,0.47206568838743124
libero_spatial_tid0_naive_async_native_plus_700_h10_s2,naive_async,native_plus_700,10,False,280,True,14.0,73.27982481000004,13,5046.770015,391.7231147692308,413.60870859999994,530.3571428571429,1500.0,1600.0,2.357142857142857,0,160,160,0,0.39638934703278955,0.16630418058557286,0.31283087948287125
libero_spatial_tid0_rtc_native_h10_s2,rtc,native,10,True,74,False,3.7,26.196964824999895,8,3240.623457,409.024152875,461.59586034999995,559.4594594594595,900.0,950.0,5.1891891891891895,0,5,5,0,0.7910245908703156,0.288050120529855,0.5117378802328308
libero_spatial_tid0_rtc_native_plus_300_h10_s2,rtc,native_plus_300,10,False,280,True,14.0,78.5485410440001,18,7266.543004,407.6476685555556,473.2653542499999,552.6785714285714,1150.0,1300.0,3.3392857142857144,0,110,110,0,0.5167544072009391,0.24305508318950925,0.44288701471369807
libero_spatial_tid0_rtc_native_plus_700_h10_s2,rtc,native_plus_700,10,False,280,True,14.0,78.36759273000007,13,5106.027829,396.2860838461539,412.19553440000004,532.1428571428571,1500.0,1600.0,2.357142857142857,0,160,160,0,0.2357323339784668,0.13075597211045675,0.2450120078951366
libero_spatial_tid0_ideal_sync_ideal_h10_s3,ideal_sync,ideal,10,True,77,False,3.85,26.366588915999728,8,3184.583789,401.53553425,411.04539145,218.1818181818182,450.0,450.0,5.636363636363637,1,0,0,0,0.8115704610916754,0.08254386464899137,0.11332171540292142
libero_spatial_tid0_blocking_sync_native_h10_s3,blocking_sync,native,10,True,143,False,7.15,41.449658883999746,8,3194.390906,402.783218,413.61146714999995,335.6643356643357,850.0,900.0,2.972027972027972,0,68,68,0,0.4521999558286124,0.19849720086258424,0.36732934500525055
libero_spatial_tid0_blocking_sync_native_plus_300_h10_s3,blocking_sync,native_plus_300,10,True,190,False,9.5,52.56201161099989,8,3157.415387,398.131233125,408.58523019999996,366.05263157894734,1127.499999999999,1200.0,2.205263157894737,0,116,116,0,0.3461176435427494,0.15730237599505548,0.2882819533938002
libero_spatial_tid0_blocking_sync_native_plus_700_h10_s3,blocking_sync,native_plus_700,10,True,225,False,11.25,59.9860048229998,7,2772.660026,399.5635524285714,405.8132087,405.3333333333333,1500.0,1600.0,1.6977777777777778,0,157,157,0,0.25985174339676437,0.11728932473908134,0.2160962860375474
libero_spatial_tid0_naive_async_native_h10_s3,naive_async,native,10,False,280,True,14.0,81.25091760099986,28,11058.125698999997,398.64132892857145,423.12982595,604.2857142857143,850.0,900.0,5.339285714285714,0,9,9,0,0.787000485293909,0.2376470209943285,0.411657355624787
libero_spatial_tid0_naive_async_native_plus_300_h10_s3,naive_async,native_plus_300,10,False,280,True,14.0,74.04762270999981,18,7091.288750999999,397.42888505555555,415.2468932,552.5,1150.0,1200.0,3.407142857142857,0,108,108,0,0.5006471951033515,0.2353505456204983,0.4339446202292623
libero_spatial_tid0_naive_async_native_plus_700_h10_s3,naive_async,native_plus_700,10,False,280,True,14.0,72.57996822799987,13,5122.5751850000015,397.42144915384614,410.10831900000005,535.3571428571429,1550.0,1600.0,2.3535714285714286,0,161,161,0,0.36148203065090767,0.16983277483675796,0.3198939870996983
libero_spatial_tid0_rtc_native_h10_s3,rtc,native,10,True,78,False,3.9000000000000004,26.74010566900006,9,3549.821559,397.94896177777775,412.5349538,557.6923076923077,850.0,900.0,5.448717948717949,0,3,3,0,0.8148313093905337,0.22644511955517893,0.4108925275154942
libero_spatial_tid0_rtc_native_plus_300_h10_s3,rtc,native_plus_300,10,False,280,True,14.0,76.50093688099969,18,7126.713273,399.4725245,416.1300751,552.6785714285714,1150.0,1200.0,3.3392857142857144,0,110,110,0,0.5586803727781405,0.23584428978507185,0.4236333706444813
libero_spatial_tid0_rtc_native_plus_700_h10_s3,rtc,native_plus_700,10,False,280,True,14.0,78.95383885399997,13,5163.850776,400.71724976923076,414.2793126,539.2857142857143,1550.0,1600.0,2.357142857142857,0,160,160,0,0.2317179627121266,0.1385509437275281,0.25894761108609066
libero_spatial_tid0_ideal_sync_ideal_h10_s4,ideal_sync,ideal,10,True,76,False,3.8000000000000003,25.998600398000235,8,3186.7198970000004,401.887094125,409.47559090000004,217.10526315789474,450.0,450.0,5.657894736842105,1,0,0,0,0.8886419582695682,0.09220240767586625,0.13573312675974364
libero_spatial_tid0_blocking_sync_native_h10_s4,blocking_sync,native,10,True,152,False,7.6000000000000005,44.079813000000286,9,3568.7138290000003,400.0272278888889,413.4245018,338.8157894736842,850.0,900.0,2.8947368421052633,0,72,72,0,0.45488041490804293,0.21089579469885594,0.39474510947438896
libero_spatial_tid0_blocking_sync_native_plus_300_h10_s4,blocking_sync,native_plus_300,10,True,193,False,9.65,53.08828981400029,8,3204.059104,404.04751225,415.7919677,373.05699481865287,1150.0,1200.0,2.227979274611399,0,117,117,0,0.3382066249295946,0.1448668176373263,0.269291242161154
libero_spatial_tid0_blocking_sync_native_plus_700_h10_s4,blocking_sync,native_plus_700,10,True,255,False,12.75,68.96695760500006,8,3265.786753,411.7858525,464.20753549999995,386.27450980392155,1500.0,1600.0,1.615686274509804,0,182,182,0,0.23678963486503907,0.10611460379484476,0.197401449132267
libero_spatial_tid0_naive_async_native_h10_s4,naive_async,native,10,False,280,True,14.0,79.84661091199996,29,11293.888503,392.83196193103447,401.0231456,607.5,850.0,900.0,5.478571428571429,0,3,3,0,0.7594681308137736,0.22377090043337008,0.3926215827851385
libero_spatial_tid0_naive_async_native_plus_300_h10_s4,naive_async,native_plus_300,10,False,280,True,14.0,75.13297842400016,18,7128.101686999999,399.76961605555556,416.76450204999986,551.0714285714286,1150.0,1300.0,3.407142857142857,0,108,108,0,0.4780316369441678,0.2502591460075945,0.463832343877235
libero_spatial_tid0_naive_async_native_plus_700_h10_s4,naive_async,native_plus_700,10,False,280,True,14.0,72.30595851599992,13,5105.56475,396.17772176923074,409.5136348,537.5,1550.0,1600.0,2.357142857142857,0,160,160,0,0.3816100400210994,0.155950931375917,0.28253271110788675
libero_spatial_tid0_rtc_native_h10_s4,rtc,native,10,True,74,False,3.7,25.66668703000005,8,3223.2407570000005,406.3528405,450.9712368499999,564.1891891891892,867.4999999999997,950.0,5.202702702702703,0,4,4,0,0.8281800050337478,0.17864547594393154,0.32060564698512534
libero_spatial_tid0_rtc_native_plus_300_h10_s4,rtc,native_plus_300,10,False,280,True,14.0,77.01477880999983,18,7083.358730999998,397.0421983333333,411.82306755,550.8928571428571,1150.0,1200.0,3.3392857142857144,0,110,110,0,0.5669633382917731,0.26205172230818735,0.4830594863816509
libero_spatial_tid0_rtc_native_plus_700_h10_s4,rtc,native_plus_700,10,False,280,True,14.0,78.03504354699999,13,5279.295219,409.7658109230769,440.14520679999987,535.3571428571429,1550.0,1600.0,2.3535714285714286,0,161,161,0,0.23995467277741855,0.12885747010826576,0.2423414367455412
libero_goal_tid0_ideal_sync_ideal_h10_s0,ideal_sync,ideal,10,True,131,False,6.550000000000001,36.614103174999855,14,5544.281584000001,399.5269449285714,408.5009735,223.2824427480916,450.0,450.0,5.534351145038168,1,0,0,0,0.6176897476939789,0.05866557551060203,0.09379544810489011
libero_goal_tid0_blocking_sync_native_h10_s0,blocking_sync,native,10,True,243,False,12.15,59.739323060999595,13,5337.249899999999,414.2299446153846,458.7257867999999,349.79423868312756,850.0,950.0,2.9300411522633745,0,115,115,0,0.3320833922559295,0.1458129663883543,0.2805643169678441
libero_goal_tid0_blocking_sync_native_plus_300_h10_s0,blocking_sync,native_plus_300,10,True,300,True,15.0,70.67108975000019,13,5165.5519810000005,400.9066550769231,406.5213516,385.0,1150.0,1200.0,2.2,0,180,180,0,0.2470802183621027,0.10560758864351712,0.20506251335802
libero_goal_tid0_blocking_sync_native_plus_700_h10_s0,blocking_sync,native_plus_700,10,False,300,True,15.0,71.03902886600008,10,4003.851779,404.3755618,410.3816461,409.1666666666667,1550.0,1600.0,1.65,0,210,210,0,0.17119687838660147,0.07376095011743156,0.14154388053243755
libero_goal_tid0_naive_async_native_h10_s0,naive_async,native,10,True,160,False,8.0,43.799649819000024,16,6349.622254000002,400.38806775,409.51318150000003,588.75,852.4999999999992,900.0,5.21875,0,9,9,0,0.6079216805903882,0.18703086406674116,0.33716861010360977
libero_goal_tid0_naive_async_native_plus_300_h10_s0,naive_async,native_plus_300,10,True,243,False,12.15,59.52541218399983,16,6378.599206999999,402.395845,413.862798,557.8189300411523,1150.0,1200.0,3.3909465020576133,0,94,94,0,0.3779628847122846,0.15861659918451562,0.3020351492402196
libero_goal_tid0_naive_async_native_plus_700_h10_s0,naive_async,native_plus_700,10,False,300,True,15.0,69.62038191200008,13,5290.342374999999,410.53187215384617,442.8883053999999,516.1666666666666,1550.0,1650.0,2.263333333333333,0,178,178,0,0.17643012956564788,0.08097529316670146,0.15193663904926955
libero_goal_tid0_rtc_native_h10_s0,rtc,native,10,True,127,False,6.3500000000000005,38.99162598399971,13,5330.573766,413.8668376153846,442.2859324,574.8031496062993,900.0,950.0,5.078740157480315,0,12,12,0,0.58007564072527,0.24534909696576238,0.4747999306130028
libero_goal_tid0_rtc_native_plus_300_h10_s0,rtc,native_plus_300,10,True,171,False,8.55,44.473965185,11,4421.355154999999,405.46064554545455,411.4409845,532.4561403508771,1150.0,1200.0,3.327485380116959,0,69,69,0,0.38362773115588417,0.1693503080813074,0.3252139782049061
libero_goal_tid0_rtc_native_plus_700_h10_s0,rtc,native_plus_700,10,False,300,True,15.0,72.50447063599995,14,5626.130453,405.4950115,420.14571365,527.8333333333334,1550.0,1600.0,2.35,0,174,174,0,0.28744694677998844,0.11704185339162174,0.22533686829395455
libero_goal_tid0_ideal_sync_ideal_h10_s1,ideal_sync,ideal,10,True,135,False,6.75,37.09809618600002,14,5572.807822,401.5787359285714,407.55115309999996,220.37037037037038,450.0,450.0,5.592592592592593,1,0,0,0,0.591438426139202,0.06970048280560964,0.11412602342743433
libero_goal_tid0_blocking_sync_native_h10_s1,blocking_sync,native,10,True,253,False,12.65,61.62331387099994,14,5589.377949,402.9268528571429,411.50959885000003,340.7114624505929,850.0,900.0,2.8656126482213438,0,122,122,0,0.3112107005780594,0.14265168043385631,0.269630743172033
libero_goal_tid0_blocking_sync_native_plus_300_h10_s1,blocking_sync,native_plus_300,10,True,291,False,14.55,68.05819237700007,12,4829.322969,406.04008066666665,412.56196395,373.3676975945017,1150.0,1200.0,2.1718213058419242,0,178,178,0,0.2454254050088909,0.10961090875899604,0.21224045011268042
libero_goal_tid0_blocking_sync_native_plus_700_h10_s1,blocking_sync,native_plus_700,10,False,300,True,15.0,71.27838191699993,10,4009.4105309999995,404.4337383,409.88850895,410.8333333333333,1550.0,1600.0,1.65,0,210,210,0,0.14244854321457406,0.06200468329762262,0.11872971031915558
libero_goal_tid0_naive_async_native_h10_s1,naive_async,native,10,True,166,False,8.3,44.655214376,17,6806.79696,404.05400952941176,418.3797964,588.5542168674699,887.5,900.0,5.240963855421687,0,10,10,0,0.5773125902373624,0.18443138648671945,0.34818432719735914
libero_goal_tid0_naive_async_native_plus_300_h10_s1,naive_async,native_plus_300,10,True,294,False,14.700000000000001,71.16793563099964,19,7651.8355280000005,406.28722336842105,424.20345409999993,558.3333333333334,1150.0,1250.0,3.357142857142857,0,116,116,0,0.3863632568684066,0.16591691829391705,0.3176669179901939
libero_goal_tid0_naive_async_native_plus_700_h10_s1,naive_async,native_plus_700,10,False,300,True,15.0,71.17702613200072,14,5575.601609,401.8608602142857,413.4856982,524.1666666666666,1550.0,1600.0,2.3333333333333335,0,175,175,0,0.21645390358164276,0.09459286892182917,0.18066672981331683
libero_goal_tid0_rtc_native_h10_s1,rtc,native,10,True,130,False,6.5,36.218193450999934,13,5203.379308,403.75309715384617,411.9796682,580.3846153846154,900.0,900.0,5.153846153846154,0,9,9,0,0.5503268262309933,0.21920218172826514,0.40637141510672975
libero_goal_tid0_rtc_native_plus_300_h10_s1,rtc,native_plus_300,10,False,300,True,15.0,73.66120668499934,19,7731.940074,410.67026178947367,451.8831968999999,550.0,1150.0,1250.0,3.3,0,120,120,0,0.2958836800500941,0.14632482541412903,0.2759807439986888
libero_goal_tid0_rtc_native_plus_700_h10_s1,rtc,native_plus_700,10,False,300,True,15.0,71.63670564600034,13,5213.339632,404.64257,414.49273,516.1666666666666,1550.0,1600.0,2.263333333333333,0,178,178,0,0.21482946934298372,0.09609411045867275,0.1824230732567406
libero_goal_tid0_ideal_sync_ideal_h10_s2,ideal_sync,ideal,10,True,139,False,6.95,38.331829441999616,14,5671.192564,408.6162662142857,436.3730819,223.38129496402877,450.0,450.0,5.532374100719425,1,0,0,0,0.6073885778233351,0.0539125245908917,0.08901598824912348
libero_goal_tid0_blocking_sync_native_h10_s2,blocking_sync,native,10,True,222,False,11.100000000000001,54.22926284599998,12,4871.131493,409.46931033333334,445.59875859999994,346.6216216216216,850.0,950.0,2.945945945945946,0,105,105,0,0.3478530839910996,0.1431380231831802,0.28086625889458305
libero_goal_tid0_blocking_sync_native_plus_300_h10_s2,blocking_sync,native_plus_300,10,False,300,True,15.0,71.33201316600025,13,5232.345490000001,406.09980415384615,416.07245620000003,385.0,1150.0,1200.0,2.2,0,180,180,0,0.2585422598997259,0.10908807203006379,0.2113040242227142
libero_goal_tid0_blocking_sync_native_plus_700_h10_s2,blocking_sync,native_plus_700,10,False,300,True,15.0,70.16868684099973,10,4062.7176590000004,409.8406528,438.2306317,409.1666666666667,1550.0,1600.0,1.65,0,210,210,0,0.14901224514469538,0.06447524814717576,0.12458979477557544
libero_goal_tid0_naive_async_native_h10_s2,naive_async,native,10,True,146,False,7.300000000000001,40.23697308699957,15,5920.307535999999,398.273989,410.3726174,589.0410958904109,850.0,900.0,5.273972602739726,0,6,6,0,0.5762430966084371,0.11130597315640284,0.19355359354454818
libero_goal_tid0_naive_async_native_plus_300_h10_s2,naive_async,native_plus_300,10,False,300,True,15.0,72.04444162400068,19,7637.680700999998,405.5531174210526,414.7080714999999,551.6666666666666,1150.0,1250.0,3.3,0,120,120,0,0.29808772547416235,0.135574240154711,0.2555946568985821
libero_goal_tid0_naive_async_native_plus_700_h10_s2,naive_async,native_plus_700,10,False,300,True,15.0,70.82702172299923,14,5557.755080000001,400.5025907142857,409.15024504999997,524.1666666666666,1550.0,1600.0,2.3333333333333335,0,175,175,0,0.20419577497466768,0.08566645218549045,0.1637275688265401
libero_goal_tid0_rtc_native_h10_s2,rtc,native,10,True,124,False,6.2,38.211401747999844,13,5243.188784,407.1467573076923,433.89907179999994,576.6129032258065,900.0,950.0,5.201612903225806,0,9,9,0,0.5961660533834258,0.16337458994395923,0.30777339724500846
libero_goal_tid0_rtc_native_plus_300_h10_s2,rtc,native_plus_300,10,True,180,False,9.0,46.01611477899951,12,4795.055061000001,403.2188024166667,411.27655565,545.8333333333334,1150.0,1200.0,3.361111111111111,0,70,70,0,0.3910971639642134,0.16284160273279707,0.3090380349134789
libero_goal_tid0_rtc_native_plus_700_h10_s2,rtc,native_plus_700,10,False,300,True,15.0,72.4784937939994,13,5274.08302,409.255312,432.57242879999995,516.1666666666666,1550.0,1650.0,2.263333333333333,0,178,178,0,0.2256044929874851,0.10682386217605334,0.2010843895880969
libero_goal_tid0_ideal_sync_ideal_h10_s3,ideal_sync,ideal,10,True,112,False,5.6000000000000005,32.22668137100027,12,4794.064493,403.15160591666665,414.3189187,221.42857142857142,450.0,450.0,5.571428571428571,1,0,0,0,0.5681437799258588,0.05282075598045595,0.08753275787562409
libero_goal_tid0_blocking_sync_native_h10_s3,blocking_sync,native,10,True,224,False,11.200000000000001,55.964894671000366,12,5005.668124,420.72213425,486.11215419999996,346.875,850.0,950.0,2.9017857142857144,0,108,108,0,0.335237080071542,0.14164684439305822,0.27487960425384667
libero_goal_tid0_blocking_sync_native_plus_300_h10_s3,blocking_sync,native_plus_300,10,False,300,True,15.0,69.60043492099976,13,5214.014204000001,404.65762346153844,424.8892627999999,381.6666666666667,1150.0,1200.0,2.2,0,180,180,0,0.236087498788629,0.09994849735597973,0.19284190595818554
libero_goal_tid0_blocking_sync_native_plus_700_h10_s3,blocking_sync,native_plus_700,10,False,300,True,15.0,71.53936632300065,10,3982.0402620000004,401.7873622,408.3414054,405.8333333333333,1500.0,1600.0,1.65,0,210,210,0,0.13510872121004647,0.06126267875973672,0.11850343631254746
libero_goal_tid0_naive_async_native_h10_s3,naive_async,native,10,True,159,False,7.95,43.13605594799992,16,6401.870938000001,403.618100375,411.45457075,590.2515723270441,900.0,900.0,5.182389937106918,0,10,10,0,0.6037321553018155,0.21640477298591476,0.4084171867962513
libero_goal_tid0_naive_async_native_plus_300_h10_s3,naive_async,native_plus_300,10,True,296,False,14.8,73.59237092700005,19,7856.421852999999,417.28444484210524,464.5732213,557.9391891891892,1162.5,1250.0,3.3344594594594597,0,118,118,0,0.37273935257113366,0.15899104611895576,0.30529310042952656
libero_goal_tid0_naive_async_native_plus_700_h10_s3,naive_async,native_plus_700,10,False,300,True,15.0,69.34495028699985,14,5664.767594,408.1993210714286,474.30629769999996,527.8333333333334,1550.0,1650.0,2.35,0,174,174,0,0.16258447273198112,0.07007929094512869,0.1337638531726233
libero_goal_tid0_rtc_native_h10_s3,rtc,native,10,True,158,False,7.9,41.78983702200003,16,6293.70369,396.8188050625,409.29311525,592.4050632911392,850.0,900.0,5.341772151898734,0,6,6,0,0.6213205184034672,0.14128136600904578,0.25456107051872423
libero_goal_tid0_rtc_native_plus_300_h10_s3,rtc,native_plus_300,10,False,300,True,15.0,72.09476336100033,19,7499.063829,398.17694657894737,408.862215,551.8333333333334,1150.0,1200.0,3.3633333333333333,0,118,118,0,0.3338028064676945,0.1500966025117891,0.2848002726245027
libero_goal_tid0_rtc_native_plus_700_h10_s3,rtc,native_plus_700,10,False,300,True,15.0,71.51756821900017,14,5435.387428999999,391.7108462857143,409.09308954999995,540.8333333333334,1500.0,1600.0,2.3833333333333333,0,170,170,0,0.3267220759590434,0.13012303962038693,0.2538203398835229
libero_goal_tid0_ideal_sync_ideal_h10_s4,ideal_sync,ideal,10,True,118,False,5.9,32.798592289000226,12,4643.046488,390.4135074166667,403.6267292,221.61016949152543,450.0,450.0,5.567796610169491,1,0,0,0,0.6430943965598699,0.03623296375742957,0.0568767231186027
libero_goal_tid0_blocking_sync_native_h10_s4,blocking_sync,native,10,True,212,False,10.600000000000001,51.94130507200043,12,4707.0236749999995,395.702489,408.94473775000006,337.7358490566038,850.0,900.0,2.943396226415094,0,100,100,0,0.35240964057134705,0.1542534299326963,0.2905554699259947
libero_goal_tid0_blocking_sync_native_plus_300_h10_s4,blocking_sync,native_plus_300,10,False,300,True,15.0,69.43615928799954,13,5106.9944049999995,396.29882884615387,406.89916059999996,375.0,1102.5000000000005,1200.0,2.2,0,180,180,0,0.23248525931904795,0.09952297817182741,0.1940480259400088
libero_goal_tid0_blocking_sync_native_plus_700_h10_s4,blocking_sync,native_plus_700,10,False,300,True,15.0,68.67017854799997,10,3937.1590929999998,397.2218609,408.69792595,404.1666666666667,1500.0,1600.0,1.65,0,210,210,0,0.13728163464070645,0.058344986315055816,0.11283853371299188
libero_goal_tid0_naive_async_native_h10_s4,naive_async,native,10,True,166,False,8.3,43.771361394999985,18,7054.615527,395.40029533333336,414.1774481499999,595.4819277108434,850.0,950.0,5.463855421686747,0,3,3,0,0.626371138198568,0.08898044252172055,0.15085013175008385
libero_goal_tid0_naive_async_native_plus_300_h10_s4,naive_async,native_plus_300,10,True,242,False,12.100000000000001,57.89919619699958,16,6382.922031,402.39149025,426.8460715,560.9504132231405,1150.0,1250.0,3.409090909090909,0,92,92,0,0.3881625069513305,0.1549784667312108,0.29646221311919574
libero_goal_tid0_naive_async_native_plus_700_h10_s4,naive_async,native_plus_700,10,False,300,True,15.0,68.41880237900023,14,5537.501596,398.9401545,430.5239991,537.3333333333334,1500.0,1650.0,2.38,0,171,171,0,0.18955328149243159,0.07998429895697255,0.15267368679022392
libero_goal_tid0_rtc_native_h10_s4,rtc,native,10,True,121,False,6.050000000000001,33.51866855899971,13,5217.517577,404.74166884615386,482.5219012,581.8181818181819,850.0,950.0,5.371900826446281,0,5,5,0,0.6250032890765058,0.08738176355985354,0.1432349567517194
libero_goal_tid0_rtc_native_plus_300_h10_s4,rtc,native_plus_300,10,True,150,False,7.5,37.979033432000506,11,4246.340596,389.465104,398.04143750000003,538.3333333333334,1150.0,1200.0,3.566666666666667,0,55,55,0,0.42156234285634414,0.17492793767479314,0.34222156430400374
libero_goal_tid0_rtc_native_plus_700_h10_s4,rtc,native_plus_700,10,False,300,True,15.0,71.27250887300033,14,5429.704828000001,391.2608333571429,405.32054695,537.3333333333334,1500.0,1600.0,2.38,0,171,171,0,0.2918014559197579,0.1160717831458948,0.2245528784586066
libero_10_tid0_ideal_sync_ideal_h10_s0,ideal_sync,ideal,10,True,237,False,11.850000000000001,49.94224198499978,24,9295.434692,390.79247391666667,447.12629069999997,222.78481012658227,450.0,450.0,5.544303797468355,1,0,0,0,0.6037800423325796,0.0509964366456688,0.07726650713930112
libero_10_tid0_blocking_sync_native_h10_s0,blocking_sync,native,10,True,437,False,21.85,80.40265409800031,24,9370.757054,393.9550765833333,403.87032899999997,348.16933638443936,850.0,900.0,3.0183066361556063,0,198,198,0,0.32070358612234035,0.13902424825641582,0.2663123806646015
libero_10_tid0_blocking_sync_native_plus_300_h10_s0,blocking_sync,native_plus_300,10,False,520,True,26.0,92.14886289300011,22,8728.193596000001,400.3309298181818,415.77569854999996,381.25,1150.0,1250.0,2.2211538461538463,0,310,310,0,0.23278997998080772,0.09979286938366896,0.19262000836258952
libero_10_tid0_blocking_sync_native_plus_700_h10_s0,blocking_sync,native_plus_700,10,False,520,True,26.0,89.90691718400012,17,6703.510846,397.85026329411767,420.9010446,412.5,1500.0,1650.0,1.6923076923076923,0,360,360,0,0.1549282555664453,0.0710124536798033,0.13717717983806538
libero_10_tid0_naive_async_native_h10_s0,naive_async,native,10,False,520,True,26.0,103.41491345099985,53,20135.628493,383.3732116792453,402.7457938,614.6153846153846,850.0,950.0,5.446153846153846,0,7,7,0,0.49007804830215224,0.10840085511244854,0.18833469433034403
libero_10_tid0_naive_async_native_plus_300_h10_s0,naive_async,native_plus_300,10,False,520,True,26.0,95.05764749099944,33,12864.627212000003,393.3884186969697,405.1281054,568.2692307692307,1150.0,1200.0,3.3846153846153846,0,200,200,0,0.23989660410003522,0.11375589452380538,0.2136123788390805
libero_10_tid0_naive_async_native_plus_700_h10_s0,naive_async,native_plus_700,10,False,520,True,26.0,90.82994364399929,23,9071.421614,397.92895504347825,406.25553819999993,539.1346153846154,1550.0,1650.0,2.3153846153846156,0,303,303,0,0.18946393109812742,0.08482033286999333,0.15981389619845454
libero_10_tid0_rtc_native_h10_s0,rtc,native,10,True,294,False,14.700000000000001,61.04339898799935,30,11824.329983999998,397.70869603333335,457.86809804999996,604.9319727891157,850.0,950.0,5.329931972789115,0,11,11,0,0.5146123843503244,0.11466482363813205,0.1933490506100702
libero_10_tid0_rtc_native_plus_300_h10_s0,rtc,native_plus_300,10,False,520,True,26.0,95.07228291699994,33,13086.432705999998,400.12493754545454,424.79606319999994,565.7692307692307,1150.0,1250.0,3.373076923076923,0,203,203,0,0.2364687786219323,0.1114418560875258,0.2102298730155916
libero_10_tid0_rtc_native_plus_700_h10_s0,rtc,native_plus_700,10,False,520,True,26.0,92.58510252799988,23,9014.79701,395.5241025652174,412.67396349999996,541.25,1550.0,1600.0,2.3211538461538463,0,302,302,0,0.15231890585230007,0.07594367113012171,0.1430248927232459
libero_10_tid0_ideal_sync_ideal_h10_s1,ideal_sync,ideal,10,True,258,False,12.9,54.164403525000125,26,9777.528057000001,379.5705565769231,398.83070575,223.4496124031008,450.0,450.0,5.5310077519379846,1,0,0,0,0.5633810361208845,0.05337079421473641,0.08584658035104002
libero_10_tid0_blocking_sync_native_h10_s1,blocking_sync,native,10,True,470,False,23.5,87.88570570199954,26,10484.737147,406.80663057692306,470.14663125000004,347.3404255319149,850.0,950.0,2.925531914893617,0,220,220,0,0.29544963473845187,0.13588916858370878,0.2593282744821926
libero_10_tid0_blocking_sync_native_plus_300_h10_s1,blocking_sync,native_plus_300,10,False,520,True,26.0,93.16404669199983,22,8782.965038,402.92436945454546,409.9130565,387.9807692307692,1150.0,1250.0,2.2211538461538463,0,310,310,0,0.2116039056400733,0.09455892842983155,0.17867254396007543
libero_10_tid0_blocking_sync_native_plus_700_h10_s1,blocking_sync,native_plus_700,10,False,520,True,26.0,90.06859920199986,16,6389.264039999999,402.93899631249997,427.11525574999996,411.25,1500.0,1650.0,1.6865384615384615,0,362,362,0,0.12770832819485733,0.05590533881698018,0.10721099552301323
libero_10_tid0_naive_async_native_h10_s1,naive_async,native,10,False,520,True,26.0,105.11232083100003,52,19882.310750999997,386.0543451346154,417.63077125,614.2307692307693,850.0,950.0,5.392307692307693,0,11,11,0,0.4411965613216694,0.09463738149911352,0.16868551788176966
libero_10_tid0_naive_async_native_plus_300_h10_s1,naive_async,native_plus_300,10,False,520,True,26.0,95.96024391300034,33,12936.391352000004,395.46455184848486,409.4537272,564.4230769230769,1150.0,1200.0,3.3846153846153846,0,200,200,0,0.32242943518231515,0.1588136248731146,0.3001993763013532
libero_10_tid0_naive_async_native_plus_700_h10_s1,naive_async,native_plus_700,10,False,520,True,26.0,90.10888698300005,23,9108.192242,399.55379217391305,410.06951519999996,533.9423076923077,1550.0,1650.0,2.2865384615384614,0,306,306,0,0.18537006358977043,0.08814225929595448,0.1673577910368363
libero_10_tid0_rtc_native_h10_s1,rtc,native,10,False,520,True,26.0,104.2119462949995,52,19998.839294999998,388.11166775,405.94047935,614.2307692307693,850.0,950.0,5.392307692307693,0,11,11,0,0.41310269865857835,0.0909384743513402,0.1623247534473283
libero_10_tid0_rtc_native_plus_300_h10_s1,rtc,native_plus_300,10,False,520,True,26.0,94.17146560200035,33,13036.942490000001,398.52971015151513,410.49366239999995,566.3461538461538,1150.0,1250.0,3.3846153846153846,0,200,200,0,0.22480246427323053,0.10871056641746468,0.20526485803013444
libero_10_tid0_rtc_native_plus_700_h10_s1,rtc,native_plus_700,10,False,520,True,26.0,91.17673603899948,23,9095.425532,398.9393297826087,406.317146,539.1346153846154,1550.0,1650.0,2.3153846153846156,0,303,303,0,0.18131827292242364,0.08015078565753868,0.153190810136
libero_10_tid0_ideal_sync_ideal_h10_s2,ideal_sync,ideal,10,True,275,False,13.75,57.048476082999514,28,10751.168608,387.4679683214286,405.5667929,222.72727272727272,450.0,450.0,5.545454545454546,1,0,0,0,0.5105426372366265,0.03890650356160449,0.06086789599445212
libero_10_tid0_blocking_sync_native_h10_s2,blocking_sync,native,10,True,463,False,23.150000000000002,85.28361662899988,26,10437.819001000002,404.98821926923074,476.113024,346.1123110151188,850.0,950.0,2.9697624190064795,0,213,213,0,0.29144065014276993,0.13086415065054288,0.24926960809680415
libero_10_tid0_blocking_sync_native_plus_300_h10_s2,blocking_sync,native_plus_300,10,False,520,True,26.0,91.58203815700017,22,8574.835825,393.26559754545457,406.49140605,378.36538461538464,1102.4999999999977,1200.0,2.2211538461538463,0,310,310,0,0.22007671026306308,0.09428642107117234,0.18193645820531396
libero_10_tid0_blocking_sync_native_plus_700_h10_s2,blocking_sync,native_plus_700,10,False,520,True,26.0,90.5115025490004,17,6713.826036,398.3997085294118,408.030666,414.4230769230769,1500.0,1600.0,1.6923076923076923,0,360,360,0,0.18306008320812658,0.08139060429637514,0.15601508274262638
libero_10_tid0_naive_async_native_h10_s2,naive_async,native,10,False,520,True,26.0,103.31778522700006,52,20012.930553999995,388.5431978653846,421.37984459999996,612.7884615384615,850.0,950.0,5.375,0,14,14,0,0.5379808232246089,0.14789382140553145,0.2655217631435494
libero_10_tid0_naive_async_native_plus_300_h10_s2,naive_async,native_plus_300,10,False,520,True,26.0,95.05538405300103,33,12998.175545000004,397.43899663636364,409.721272,569.2307692307693,1150.0,1200.0,3.3846153846153846,0,200,200,0,0.29443870049594706,0.14655661053066169,0.2712101314920193
libero_10_tid0_naive_async_native_plus_700_h10_s2,naive_async,native_plus_700,10,False,520,True,26.0,93.7576203869994,23,9100.590742,399.2691390869565,413.2279022,539.1346153846154,1550.0,1600.0,2.3153846153846156,0,303,303,0,0.234640864782089,0.1019015019152393,0.19530734754211043
libero_10_tid0_rtc_native_h10_s2,rtc,native,10,True,274,False,13.700000000000001,58.90689165300137,27,10860.799798,405.87567866666666,413.52202320000004,599.2700729927008,900.0,950.0,5.182481751824818,0,18,18,0,0.5235731365592883,0.1607862016301304,0.2950367523781933
libero_10_tid0_rtc_native_plus_300_h10_s2,rtc,native_plus_300,10,False,520,True,26.0,98.36850104600126,32,12817.888606,404.1420556875,411.79975715,560.0961538461538,1150.0,1200.0,3.2788461538461537,0,210,210,0,0.2591665686600771,0.11438836330028718,0.21849063344021175
libero_10_tid0_rtc_native_plus_700_h10_s2,rtc,native_plus_700,10,False,520,True,26.0,96.78389881200019,22,8901.177409,408.1925085909091,414.83057364999996,528.3653846153846,1550.0,1650.0,2.2211538461538463,0,310,310,0,0.16281040910819009,0.07623933596708106,0.1397772852839421
libero_10_tid0_ideal_sync_ideal_h10_s3,ideal_sync,ideal,10,True,260,False,13.0,56.59406102699904,26,10482.290435,406.7769261923077,463.63369750000004,225.0,450.0,450.0,5.5,1,0,0,0,0.5894114993446933,0.04606387589722386,0.07107742442657482
libero_10_tid0_blocking_sync_native_h10_s3,blocking_sync,native,10,True,505,False,25.25,95.56557828500081,28,11167.001736,402.4346465,413.83576915000003,351.980198019802,850.0,900.0,2.9405940594059405,0,235,235,0,0.28934265863165065,0.1263321391972175,0.24305074370198815
libero_10_tid0_blocking_sync_native_plus_300_h10_s3,blocking_sync,native_plus_300,10,False,520,True,26.0,94.51979304199995,21,8607.014519999999,413.67695023809523,485.665918,385.1923076923077,1150.0,1250.0,2.2096153846153848,0,313,313,0,0.19965320438297016,0.08612007093152663,0.1648375164733509
libero_10_tid0_blocking_sync_native_plus_700_h10_s3,blocking_sync,native_plus_700,10,False,520,True,26.0,93.72076912100056,16,6457.865335,407.1394463125,412.79168574999994,402.59615384615387,1550.0,1600.0,1.6384615384615384,0,367,367,0,0.1596835357739362,0.07119993144492003,0.13652484485507407
libero_10_tid0_naive_async_native_h10_s3,naive_async,native,10,False,520,True,26.0,104.26153960499869,49,19717.319010999996,405.97773563265304,417.7775066,606.6346153846154,900.0,950.0,5.1134615384615385,0,38,38,0,0.508749103616751,0.2065486155151565,0.38360896301486336
libero_10_tid0_naive_async_native_plus_300_h10_s3,naive_async,native_plus_300,10,False,520,True,26.0,97.35560028399959,32,12896.191015000002,406.64189546875,413.49848245,560.0961538461538,1150.0,1200.0,3.2788461538461537,0,210,210,0,0.26336134783597265,0.11711040489475241,0.22045882061813818
libero_10_tid0_naive_async_native_plus_700_h10_s3,naive_async,native_plus_700,10,False,520,True,26.0,93.98175214000003,22,8935.281778,409.79933527272726,423.27542535000003,530.4807692307693,1550.0,1600.0,2.2403846153846154,0,309,309,0,0.18734571756791346,0.08391461780260782,0.15793694533411937
libero_10_tid0_rtc_native_h10_s3,rtc,native,10,True,279,False,13.950000000000001,61.11474067600102,28,11172.782500000001,402.7731402142857,441.3369586,602.8673835125448,850.0,950.0,5.301075268817204,0,12,12,0,0.48611703484482605,0.12940764651090708,0.23248124342254803
libero_10_tid0_rtc_native_plus_300_h10_s3,rtc,native_plus_300,10,False,520,True,26.0,101.85193322499981,32,13075.199779000004,412.252599375,448.18706475,563.9423076923077,1200.0,1250.0,3.2788461538461537,0,210,210,0,0.25280239192930837,0.10752730461525216,0.2028335393865306
libero_10_tid0_rtc_native_plus_700_h10_s3,rtc,native_plus_700,10,False,520,True,26.0,94.73913959000129,23,9183.269062999998,403.0020339130435,415.90748929999995,533.9423076923077,1550.0,1600.0,2.2865384615384614,0,306,306,0,0.16075108553675826,0.07624307954409666,0.14377835513049936
libero_10_tid0_ideal_sync_ideal_h10_s4,ideal_sync,ideal,10,True,279,False,13.950000000000001,59.870850224000606,28,11061.474187,398.72607621428574,413.94224275,224.19354838709677,450.0,450.0,5.516129032258065,1,0,0,0,0.5013494368658938,0.03367025429759762,0.0536076309075384
libero_10_tid0_blocking_sync_native_h10_s4,blocking_sync,native,10,True,452,False,22.6,86.67123086999891,25,10031.919979000002,404.9555196,415.1935714,351.7699115044248,850.0,900.0,2.920353982300885,0,212,212,0,0.3162617625954863,0.14280117543261345,0.27101410335557374
libero_10_tid0_blocking_sync_native_plus_300_h10_s4,blocking_sync,native_plus_300,10,False,520,True,26.0,94.75545068899919,21,8535.784148,410.1022508095238,413.761141,386.34615384615387,1150.0,1250.0,2.2153846153846155,0,312,312,0,0.21475912867375213,0.09043869078185245,0.17404768517479544
libero_10_tid0_blocking_sync_native_plus_700_h10_s4,blocking_sync,native_plus_700,10,False,520,True,26.0,92.31326596299914,16,6389.732827999998,403.0325604375,411.204816,411.25,1500.0,1600.0,1.6865384615384615,0,362,362,0,0.16090450414032959,0.07175652066470596,0.13828297393386813
libero_10_tid0_naive_async_native_h10_s4,naive_async,native,10,False,520,True,26.0,104.63578548199985,51,20301.968753,401.7162820980392,414.6259985,609.8076923076923,900.0,900.0,5.234615384615385,0,27,27,0,0.4259433618135034,0.14649949193673723,0.2694010152688816
libero_10_tid0_naive_async_native_plus_300_h10_s4,naive_async,native_plus_300,10,False,520,True,26.0,97.5594263540006,33,13076.592096999997,399.84249154545455,411.2053248,564.4230769230769,1150.0,1200.0,3.3653846153846154,0,204,204,0,0.2808479435925307,0.12791472540014126,0.24113889274710623
libero_10_tid0_naive_async_native_plus_700_h10_s4,naive_async,native_plus_700,10,False,520,True,26.0,93.50492622099955,22,8737.700383,400.7888519090909,413.37169939999995,531.7307692307693,1550.0,1600.0,2.2576923076923077,0,308,308,0,0.19030415416756488,0.08619676441005765,0.162090850962165
libero_10_tid0_rtc_native_h10_s4,rtc,native,10,True,261,False,13.05,56.04916947499987,26,10385.798985000001,403.05429919230767,412.14963575,598.6590038314176,900.0,900.0,5.210727969348659,0,16,16,0,0.523615896728102,0.18902843591705595,0.36068634784309855
libero_10_tid0_rtc_native_plus_300_h10_s4,rtc,native_plus_300,10,False,520,True,26.0,97.28908430900083,33,13164.120152,402.5462073333333,414.4557078,561.8269230769231,1150.0,1200.0,3.330769230769231,0,207,207,0,0.2570280947712276,0.11512412813191475,0.22018319059172645
libero_10_tid0_rtc_native_plus_700_h10_s4,rtc,native_plus_700,10,False,520,True,26.0,95.3278105850004,22,8971.548219,411.29460490909094,481.08374705,530.2884615384615,1550.0,1650.0,2.2211538461538463,0,310,310,0,0.16836029881490402,0.0642412364786456,0.11800486785046256
